{"cameraMode":{"drawMode":0,"name":"Shaded","section":"Shading Mode"},"sceneLighting":true,"audioPlay":false,"sceneViewState":{"m_AlwaysRefresh":false,"showFog":true,"showSkybox":true,"showFlares":true,"showImageEffects":true,"showParticleSystems":true,"showVisualEffectGraphs":true,"m_FxEnabled":true},"in2DMode":false,"pivot":{"x":2.2191061973571779,"y":3.910568952560425,"z":8.215459823608399},"rotation":{"x":0.004453214351087809,"y":-0.9777312278747559,"z":0.02083871327340603,"w":0.20901456475257874},"size":9.050661087036133,"orthographic":false}